year,reach,period,LifeStage,mortality,encounters
2021,Upper (above Dalles),38,adult,2.41,24.1
2021,Upper (above Dalles),39,adult,3.158,31.58
2021,Upper (above Dalles),40,adult,0,0
2021,Upper (above Dalles),41,adult,0.9199999999999999,9.2
2021,Upper (above Dalles),42,adult,0.38000000000000006,3.8000000000000007
2021,Upper (above Dalles),43,adult,0,0
2021,Upper (above Dalles),44,adult,0.606,6.06
2021,Upper (above Dalles),45,adult,0,0
2021,Upper (above Dalles),46,adult,0,0
2021,Upper (above Dalles),47,adult,0,0
2021,Upper (above Dalles),48,adult,0,0
2021,Upper (above Dalles),38,jack,2.334,23.34
2021,Upper (above Dalles),39,jack,0,0
2021,Upper (above Dalles),40,jack,0,0
2021,Upper (above Dalles),41,jack,0,0
2021,Upper (above Dalles),42,jack,0,0
2021,Upper (above Dalles),43,jack,0,0
2021,Upper (above Dalles),44,jack,0,0
2021,Upper (above Dalles),45,jack,0,0
2021,Upper (above Dalles),46,jack,0,0
2021,Upper (above Dalles),47,jack,0,0
2021,Upper (above Dalles),48,jack,0,0
2022,Upper (above Dalles),38,adult,0.9900000000000001,9.9
2022,Upper (above Dalles),39,adult,3.865,38.65
2022,Upper (above Dalles),40,adult,0,0
2022,Upper (above Dalles),41,adult,1.209,12.09
2022,Upper (above Dalles),42,adult,0,0
2022,Upper (above Dalles),43,adult,0,0
2022,Upper (above Dalles),44,adult,0,0
2022,Upper (above Dalles),45,adult,0,0
2022,Upper (above Dalles),46,adult,0,0
2022,Upper (above Dalles),47,adult,0,0
2022,Upper (above Dalles),38,jack,0,0
2022,Upper (above Dalles),39,jack,0,0
2022,Upper (above Dalles),40,jack,0,0
2022,Upper (above Dalles),41,jack,0,0
2022,Upper (above Dalles),42,jack,0,0
2022,Upper (above Dalles),43,jack,0,0
2022,Upper (above Dalles),44,jack,0,0
2022,Upper (above Dalles),45,jack,0,0
2022,Upper (above Dalles),46,jack,0,0
2022,Upper (above Dalles),47,jack,0,0
2021,Lower (below Dalles),33,adult,0,0
2021,Lower (below Dalles),34,adult,0,0
2021,Lower (below Dalles),35,adult,5.250000000000001,52.5
2021,Upper (above Dalles),35,adult,0,0
2021,Lower (below Dalles),36,adult,0,0
2021,Upper (above Dalles),36,adult,3.0120000000000005,30.120000000000005
2021,Lower (below Dalles),37,adult,0,0
2021,Upper (above Dalles),37,adult,1.095,10.95
2021,Lower (below Dalles),38,adult,0,0
2021,Lower (below Dalles),39,adult,0,0
2021,Lower (below Dalles),40,adult,0,0
2021,Lower (below Dalles),41,adult,0,0
2021,Lower (below Dalles),42,adult,0,0
2021,Lower (below Dalles),43,adult,0,0
2021,Lower (below Dalles),44,adult,0,0
2021,Lower (below Dalles),45,adult,0,0
2021,Lower (below Dalles),47,adult,0,0
2021,Lower (below Dalles),48,adult,0,0
2021,Upper (above Dalles),49,adult,0,0
2021,Lower (below Dalles),49,adult,0,0
2021,Lower (below Dalles),50,adult,0,0
2021,Upper (above Dalles),50,adult,0,0
2021,Lower (below Dalles),51,adult,0,0
2021,Upper (above Dalles),51,adult,0,0
2021,Lower (below Dalles),52,adult,0,0
2021,Lower (below Dalles),33,jack,0,0
2021,Lower (below Dalles),34,jack,0,0
2021,Lower (below Dalles),35,jack,3.912,39.12
2021,Upper (above Dalles),35,jack,0,0
2021,Lower (below Dalles),36,jack,0,0
2021,Upper (above Dalles),36,jack,0,0
2021,Lower (below Dalles),37,jack,0,0
2021,Upper (above Dalles),37,jack,0,0
2021,Lower (below Dalles),38,jack,0,0
2021,Lower (below Dalles),39,jack,0,0
2021,Lower (below Dalles),40,jack,0,0
2021,Lower (below Dalles),41,jack,0,0
2021,Lower (below Dalles),42,jack,0,0
2021,Lower (below Dalles),43,jack,0,0
2021,Lower (below Dalles),44,jack,0,0
2021,Lower (below Dalles),45,jack,0,0
2021,Lower (below Dalles),47,jack,0,0
2021,Lower (below Dalles),48,jack,0,0
2021,Upper (above Dalles),49,jack,0,0
2021,Lower (below Dalles),49,jack,0,0
2021,Lower (below Dalles),50,jack,0,0
2021,Upper (above Dalles),50,jack,0,0
2021,Lower (below Dalles),51,jack,0,0
2021,Upper (above Dalles),51,jack,0,0
2021,Lower (below Dalles),52,jack,0,0
2022,Lower (below Dalles),35,adult,3.0860000000000003,30.86
2022,Upper (above Dalles),35,adult,10.82,108.19999999999999
2022,Lower (below Dalles),36,adult,0,0
2022,Upper (above Dalles),36,adult,1.508,15.08
2022,Lower (below Dalles),37,adult,0.23399999999999999,2.34
2022,Lower (below Dalles),38,adult,1.85,18.5
2022,Lower (below Dalles),39,adult,0,0
2022,Lower (below Dalles),40,adult,0,0
2022,Lower (below Dalles),41,adult,0,0
2022,Lower (below Dalles),42,adult,0,0
2022,Lower (below Dalles),43,adult,0,0
2022,Lower (below Dalles),44,adult,0,0
2022,Lower (below Dalles),45,adult,0,0
2022,Lower (below Dalles),46,adult,0,0
2022,Lower (below Dalles),47,adult,0,0
2022,Lower (below Dalles),48,adult,0,0
2022,Upper (above Dalles),48,adult,0,0
2022,Lower (below Dalles),35,jack,2.102,21.019999999999996
2022,Upper (above Dalles),35,jack,0.658,6.58
2022,Lower (below Dalles),36,jack,0,0
2022,Upper (above Dalles),36,jack,0,0
2022,Lower (below Dalles),37,jack,0,0
2022,Lower (below Dalles),38,jack,0.854,8.54
2022,Lower (below Dalles),39,jack,0,0
2022,Lower (below Dalles),40,jack,0,0
2022,Lower (below Dalles),41,jack,0,0
2022,Lower (below Dalles),42,jack,0,0
2022,Lower (below Dalles),43,jack,0,0
2022,Lower (below Dalles),44,jack,0,0
2022,Lower (below Dalles),45,jack,0,0
2022,Lower (below Dalles),46,jack,0,0
2022,Lower (below Dalles),47,jack,0,0
2022,Lower (below Dalles),48,jack,0,0
2022,Upper (above Dalles),48,jack,0,0
2023,Upper (above Dalles),37,adult,0.2632,2.6319999999999997
2023,Upper (above Dalles),38,adult,5.7625,57.62500000000001
2023,Upper (above Dalles),39,adult,1.7778,17.778
2023,Upper (above Dalles),40,adult,0,0
2023,Upper (above Dalles),41,adult,0,0
2023,Upper (above Dalles),42,adult,0,0
2023,Upper (above Dalles),43,adult,0,0
2023,Upper (above Dalles),44,adult,0,0
2023,Upper (above Dalles),45,adult,0,0
2023,Upper (above Dalles),46,adult,0,0
2023,Upper (above Dalles),47,adult,0,0
2023,Upper (above Dalles),48,adult,0,0
2023,Lower (below Dalles),33,adult,1.9939,19.939
2023,Lower (below Dalles),34,adult,0,0
2023,Lower (below Dalles),35,adult,1.3635,13.635
2023,Lower (below Dalles),36,adult,1.0894000000000001,10.894
2023,Lower (below Dalles),37,adult,3.89775,38.9775
2023,Lower (below Dalles),38,adult,2.6245000000000003,26.244999999999997
2023,Lower (below Dalles),39,adult,0,0
2023,Lower (below Dalles),40,adult,2.84975,28.4975
2023,Lower (below Dalles),41,adult,0,0
2023,Lower (below Dalles),42,adult,0,0
2023,Lower (below Dalles),43,adult,1.0011,10.011
2023,Lower (below Dalles),44,adult,0,0
2023,Lower (below Dalles),45,adult,0,0
2023,Lower (below Dalles),46,adult,1.3293333335,13.293333334999996
2023,Lower (below Dalles),47,adult,0,0
2023,Lower (below Dalles),48,adult,0,0
2023,Lower (below Dalles),33,jack,0,0
2023,Lower (below Dalles),34,jack,0,0
2023,Lower (below Dalles),35,jack,0,0
2023,Lower (below Dalles),36,jack,0,0
2023,Lower (below Dalles),37,jack,0,0
2023,Upper (above Dalles),37,jack,0,0
2023,Lower (below Dalles),38,jack,0,0
2023,Upper (above Dalles),38,jack,0,0
2023,Lower (below Dalles),39,jack,0,0
2023,Upper (above Dalles),39,jack,0,0
2023,Lower (below Dalles),40,jack,0.3869,3.869
2023,Upper (above Dalles),40,jack,0,0
2023,Lower (below Dalles),41,jack,1.5515,15.515
2023,Upper (above Dalles),41,jack,0,0
2023,Lower (below Dalles),42,jack,0,0
2023,Upper (above Dalles),42,jack,0,0
2023,Lower (below Dalles),43,jack,0,0
2023,Upper (above Dalles),43,jack,0,0
2023,Lower (below Dalles),44,jack,0,0
2023,Upper (above Dalles),44,jack,0,0
2023,Lower (below Dalles),45,jack,0,0
2023,Upper (above Dalles),45,jack,0,0
2023,Lower (below Dalles),46,jack,0,0
2023,Upper (above Dalles),46,jack,0,0
2023,Lower (below Dalles),47,jack,0,0
2023,Upper (above Dalles),47,jack,0,0
2023,Lower (below Dalles),48,jack,0,0
2023,Upper (above Dalles),48,jack,0,0
2025,Lower (below Dalles),32,adult,0.3776331957,3.776331957
2025,Upper (above Dalles),32,adult,0,0
2025,Lower (below Dalles),33,adult,2.5132325287,25.132325287
2025,Upper (above Dalles),33,adult,0,0
2025,Lower (below Dalles),34,adult,1.9303073676,19.303073676
2025,Upper (above Dalles),34,adult,0,0
2025,Lower (below Dalles),35,adult,2.9710388321,29.710388321
2025,Upper (above Dalles),35,adult,0,0
2025,Lower (below Dalles),36,adult,1.9466026543000001,19.466026542999998
2025,Upper (above Dalles),36,adult,0,0
2025,Lower (below Dalles),37,adult,2.7039580177,27.039580176999998
2025,Upper (above Dalles),37,adult,1.9657243826,19.657243826
2025,Lower (below Dalles),38,adult,2.817194583,28.17194583
2025,Upper (above Dalles),38,adult,2.2962145436,22.962145436
2025,Lower (below Dalles),39,adult,1.7113773025,17.113773025
2025,Upper (above Dalles),39,adult,2.1221480344,21.221480344
2025,Lower (below Dalles),40,adult,1.4539314526,14.539314526
2025,Upper (above Dalles),40,adult,1.8900180409,18.900180409
2025,Lower (below Dalles),41,adult,1.0846662113,10.846662112999999
2025,Upper (above Dalles),41,adult,1.5114153894,15.114153894
2025,Lower (below Dalles),42,adult,0.6527548655000001,6.527548655
2025,Upper (above Dalles),42,adult,1.1768467944,11.768467944
2025,Lower (below Dalles),43,adult,0.20351440240000002,2.035144024
2025,Upper (above Dalles),43,adult,0.49347506630000004,4.934750663
2025,Lower (below Dalles),44,adult,0.4211789178,4.211789178
2025,Upper (above Dalles),44,adult,0.8362123965,8.362123965
2025,Lower (below Dalles),45,adult,0.5540899963,5.540899963
2025,Upper (above Dalles),45,adult,0.4813860522,4.813860522
2025,Lower (below Dalles),46,adult,0.0561879536,0.561879536
2025,Upper (above Dalles),46,adult,0.1517475083,1.517475083
2025,Lower (below Dalles),32,jack,0.08025266900000001,0.80252669
2025,Upper (above Dalles),32,jack,0,0
2025,Lower (below Dalles),33,jack,0.6384000518,6.384000518
2025,Upper (above Dalles),33,jack,0,0
2025,Lower (below Dalles),34,jack,0.4705937068,4.705937068
2025,Upper (above Dalles),34,jack,0,0
2025,Lower (below Dalles),35,jack,0.6201475346,6.201475346
2025,Upper (above Dalles),35,jack,0,0
2025,Lower (below Dalles),36,jack,0.5540588191,5.540588191
2025,Upper (above Dalles),36,jack,0,0
2025,Lower (below Dalles),37,jack,0.7602976651000001,7.6029766510000005
2025,Upper (above Dalles),37,jack,0.3066714983,3.0667149830000002
2025,Lower (below Dalles),38,jack,0.8460114874000001,8.460114874
2025,Upper (above Dalles),38,jack,0.3592679525,3.592679525
2025,Lower (below Dalles),39,jack,0.5876142475,5.876142475
2025,Upper (above Dalles),39,jack,0.2417801474,2.417801474
2025,Lower (below Dalles),40,jack,0.6690058736,6.690058736
2025,Upper (above Dalles),40,jack,0.270108055,2.70108055
2025,Lower (below Dalles),41,jack,0.43595773,4.3595773
2025,Upper (above Dalles),41,jack,0.1990254507,1.990254507
2025,Lower (below Dalles),42,jack,0.22454977140000001,2.245497714
2025,Upper (above Dalles),42,jack,0.13760937980000001,1.376093798
2025,Lower (below Dalles),43,jack,0.054815960600000005,0.548159606
2025,Upper (above Dalles),43,jack,0.0565974065,0.565974065
2025,Lower (below Dalles),44,jack,0.12960747620000002,1.296074762
2025,Upper (above Dalles),44,jack,0.16179031510000003,1.6179031510000002
2025,Lower (below Dalles),45,jack,0.1701134628,1.701134628
2025,Upper (above Dalles),45,jack,0.09684055700000001,0.9684055699999999
2025,Lower (below Dalles),46,jack,0.011126734700000002,0.111267347
2025,Upper (above Dalles),46,jack,0.020413615700000002,0.204136157
2026,Lower (below Dalles),32,adult,1.6629622063,16.629622063
2026,Lower (below Dalles),33,adult,4.6802173192000005,46.802173192
2026,Lower (below Dalles),34,adult,5.3628058315,53.628058315
2026,Lower (below Dalles),35,adult,10.5979005185,105.97900518499999
2026,Lower (below Dalles),32,jack,2.0878187997,20.878187997
2026,Lower (below Dalles),33,jack,10.2434845189,102.434845189
2026,Lower (below Dalles),34,jack,10.6827877295,106.827877295
2026,Lower (below Dalles),35,jack,15.3090955085,153.090955085
